,phrase,label,sentiment,subjectivity,language,count
Indonesia,,,,,,
Sumatra,,,,,,
Philippines,,,,,,
Sri Lanka,,,,,,
Vietnam,,,,,,
Kenya,,,,,,
India,,,,,,
West Sumatra,,,,,,
Jakarta,,,,,,
Central Java,,,,,,
Aceh,,,,,,
North Sumatra,,,,,,
China,,,,,,
Darjeeling,,,,,,
Java island,,,,,,
Taman United,,,,,,
Nepal,,,,,,
Kathmandu,,,,,,
NEW DELHI,,,,,,
HANOI,,,,,,
Jamaica,,,,,,
Indonesias Sumatra,,,,,,
Sri Lanka's,,,,,,
Cameron Highlands,,,,,,
Rift Valley,,,,,,
Nawalapitiya,,,,,,
Corfu,,,,,,
Malaysia,,,,,,
US,,,,,,
New Jersey,,,,,,
U.S.,,,,,,
Miami,,,,,,
MANILA,,,,,,
Seputeh,,,,,,
California,,,,,,
Caribbean,,,,,,
B.C.,,,,,,
Mexico,,,,,,
Narayangadh,,,,,,
Greece,,,,,,
Ireland,,,,,,
Britain,,,,,,
Brazil,,,,,,
Tanzania,,,,,,
LONDON,,,,,,
Banjarnegara District,,,,,,
Iowa,,,,,,
Sarawak,,,,,,
Jalan,,,,,,
Rambukella,,,,,,
Cilacap District,,,,,,
Lumut,,,,,,
Tibet,,,,,,
Ioannina,,,,,,
Arta,,,,,,
Kandy,,,,,,
North Tapanuli,,,,,,
Asia,,,,,,
Felcra Seri Bandi,,,,,,
Tura,,,,,,
Kavrepalanchok,,,,,,
Preveza,,,,,,
Sayward,,,,,,
Cuba,,,,,,
Chitwan,,,,,,
Liverpool,,,,,,
Haiti,,,,,,
UK,,,,,,
Bakaiya Rural,,,,,,
America,,,,,,
Scotland,,,,,,
the Kaligandaki Corridor,,,,,,
NAIROBI,,,,,,
DRC,,,,,,
Chinas,,,,,,
Colombia,,,,,,
Dublin,,,,,,
Sichuan province,,,,,,
Danakgre,,,,,,
Cincinnati,,,,,,
JAKARTA,,,,,,
ROME,,,,,,
Banjarnegara,,,,,,
Java,,,,,,
Italy,,,,,,
Earth,,,,,,
the Badulla Haldummulla Police Division,,,,,,
Meghalaya,,,,,,
Baglung Municipality-10,,,,,,
Jammu,,,,,,
Gangekumbura,,,,,,
Padang Panjang,,,,,,
Tanah Rata,,,,,,
Balee Panah Village,,,,,,
Bireuen District,,,,,,
Ladakh,,,,,,
Dablyang,,,,,,
Peradeniya,,,,,,
PORTLAND,,,,,,
Ore.,,,,,,
LOS ANGELES,,,,,,
Miri,,,,,,
Berannawa,,,,,,
Thennawatta,,,,,,
Pinnalanda,,,,,,
B.C,,,,,,
Sarasavigama,,,,,,
South-East Asia,,,,,,
Vancouver Island,,,,,,
Kashmir,,,,,,
Cibeunying Village,,,,,,
Padang Besar,,,,,,
Kelantan,,,,,,
Taman Bukit Maju,,,,,,
the Klang Valley,,,,,,
Pomlum village,,,,,,
Pandanarum Village,,,,,,
Padang,,,,,,
MEDAN,,,,,,
the Karnali Corridor,,,,,,
Kalikot,,,,,,
Koolan Island,,,,,,
earth,,,,,,
West Ham,,,,,,
MORRISTOWN,,,,,,
Sumatra island,,,,,,
Brighton Township,,,,,,
Jalbire,,,,,,
N.J.,,,,,,
Typhoon Bualoi,,,,,,
Chumkhola,,,,,,
Uganda,,,,,,
Ichchakamana Rural Municipality-3,,,,,,
West Java,,,,,,
Sukabumi District,,,,,,
Hetauda,,,,,,
Muglin,,,,,,
Bar Italia,,,,,,
Andhra Pradesh,,,,,,
POZA RICA,,,,,,
Brooklyn,,,,,,
Arizona,,,,,,
Argentina,,,,,,
Taiwan,,,,,,
Blacktopping,,,,,,
Atlantic,,,,,,
Filiates,,,,,,
Zagori,,,,,,
Australia,,,,,,
Western Greece,,,,,,
Los Angeles,,,,,,
Thailand,,,,,,
New York,,,,,,
New York City,,,,,,
Trans Mountain,,,,,,
Gaza,,,,,,
Maharashtra,,,,,,
Israel,,,,,,
Germany,,,,,,
Türkiye,,,,,,
Beni,,,,,,
Ivory Coast,,,,,,
the Kali Gandaki Corridor,,,,,,
Lasti,,,,,,
Japan,,,,,,
Turkish Cyprus,,,,,,
Maryland,,,,,,
HONG KONG,,,,,,
British Columbia,,,,,,
Khabarhub,,,,,,
Montana,,,,,,
Texas,,,,,,
Virginia,,,,,,
Afghanistan,,,,,,
Washington,,,,,,
Washington D.C.,,,,,,
Poza Rica,,,,,,
Studio City,,,,,,
New York's,,,,,,
Puncak Arabella Apartments,,,,,,
Nepals,,,,,,
Chile,,,,,,
le…,,,,,,
Southeast Asia,,,,,,
Western Australia's,,,,,,
SAN JUAN,,,,,,
Badulla,,,,,,
MEXICO CITY,,,,,,
Puerto Rico,,,,,,
Penang,,,,,,
East Asia,,,,,,
London,,,,,,
Winter,,,,,,
Nevada,,,,,,
the Republic of Ireland,,,,,,
Las Vegas,,,,,,
Negri,,,,,,
Alsea,,,,,,
Maladola,,,,,,
BUENOS AIRES,,,,,,
Indonesias North Sumatra,,,,,,
Zambia,,,,,,
Ballarat,,,,,,
Andhra,,,,,,
the Lao Cairns Province,,,,,,
Balik Pulau,,,,,,
Santa Cruz,,,,,,
Melissa,,,,,,
Lake Chehalis,,,,,,
the Malacca Strait,,,,,,
the Rambukella area,,,,,,
the Village of Lions Bay,,,,,,
Southeast,,,,,,
South Asia,,,,,,
Kavrepalanchowk,,,,,,
the Connecticut Huskies,,,,,,
Netherlands,,,,,,
Mexicos,,,,,,
Banda Aceh,,,,,,
North Sum,,,,,,
Kid Rock,,,,,,
Greenpoint,,,,,,
W Sumatra,,,,,,
Honduras,,,,,,
Ratnapura,,,,,,
Europe,,,,,,
Kegalle,,,,,,
Trenton,,,,,,
COLOMBO,,,,,,
Camp Osborn,,,,,,
KUALA LUMPUR,,,,,,
North …,,,,,,
Lions Bay,,,,,,
Cyprus,,,,,,
Oliver,,,,,,
the Wild West,,,,,,
west Sumatra,,,,,,
worl,,,,,,
Gombak,,,,,,
Sri La,,,,,,
North ...,,,,,,
municip,,,,,,
Ouattara,,,,,,
Attica,,,,,,
Ivory Coast's,,,,,,
Bahamas,,,,,,
San Francisco,,,,,,
Shillong-Dawki,,,,,,
Venezuela,,,,,,
New York City’s,,,,,,
New York Citys,,,,,,
Marakwet East,,,,,,
WASHINGTON,,,,,,
Storm Babet,,,,,,
NJ,,,,,,
New Jersey's,,,,,,
MaldhungaBeniMustang,,,,,,
Victoria,,,,,,
CSDS,,,,,,
accordi,,,,,,
BOGOTA,,,,,,
Southern China,,,,,,
Seismic Zone,,,,,,
Black River,,,,,,
Cilacap,,,,,,
Cila,,,,,,
Black River Market,,,,,,
Typhoon Fung-wong,,,,,,
"the East Coast
",,,,,,
instabili,,,,,,
Co Wicklow,,,,,,
Charlotte,,,,,,
Cebu,,,,,,
Brighton Township BRIGHTON TOWNSHIP,,,,,,
Pa.,,,,,,
Tanzanias,,,,,,
Belem,,,,,,
Himalayas,,,,,,
Aberdeenshire,,,,,,
the north east,,,,,,
Colorado,,,,,,
Edinburgh,,,,,,
Morristown,,,,,,
Kagbeni-Korala road,,,,,,
Alrewas,,,,,,
Staffordshire,,,,,,
Bitcoin,,,,,,
U.K.,,,,,,
New Hampshire,,,,,,
Phaparkhet,,,,,,
Modi,,,,,,
BJP,,,,,,
KUALA LUMPUR:,,,,,,
the Ionian Islands,,,,,,
Tuin Khola bridge,,,,,,
Enga Pr,,,,,,
Tzoumerka,,,,,,
Cwmt,,,,,,
Kukas,,,,,,
CUBA,,,,,,
Florina,,,,,,
Amyntaio,,,,,,
New York Yanke,,,,,,
Valtonera,,,,,,
the Garden State,,,,,,
Klang,,,,,,
Jersey,,,,,,
Lifeguard,,,,,,
boulder,,,,,,
Penticton,,,,,,
B.C.s southern Interior,,,,,,
Roshi Rural Municipality,,,,,,
Sangurigadhi,,,,,,
North Bengal,,,,,,
Latin America,,,,,,
Benibazaar,,,,,,
Myagdi,,,,,,
Cibeunying village,,,,,,
Garut,,,,,,
Darbang,,,,,,
Kawama,,,,,,
Lualaba Province,,,,,,
Democratic Republic of Congo,,,,,,
the Blue Mountains,,,,,,
N.Y.,,,,,,
Pisa,,,,,,
Central Vietnam,,,,,,
New northwest,,,,,,
Vlasic,,,,,,
England,,,,,,
Crawley,,,,,,
Moscow,,,,,,
Papua New Guinea's,,,,,,
