,phrase,label,sentiment,subjectivity,language,count,gnd,geonames,geotype,latitude,longitude,continent,country,ipcc
Indonesia,Indonesia,GPE,-0.04588784,0.27406417,en,68.80000000,4026761-1,1643084,X,-5.00000000,120.00000000,ASIA,Indonesia,SEA
Philippines,Philippines,GPE,-0.04651754,0.49869807,en,28.10000000,4045771-0,1694008,X,13.00000000,122.00000000,ASIA,,SEA
Vietnam,Vietnam,GPE,-0.04745921,0.45735820,en,19.50000000,4063514-4,1562822,X,16.16666900,107.83333000,ASIA,Vietnam,SEA
Kenya,Kenya,GPE,-0.01568436,0.30962573,en,18.30000000,4030236-2,192950,X,1.00000000,38.00000000,AFRICA,Kenya,SEAF
Sri Lanka,Sri Lanka,GPE,-0.01000000,0.23505747,en,14.50000000,4009696-8,1227603,X,7.00000000,81.00000000,INDIAN,Sri Lanka,BOB
Central Java,Central Java,GPE,-0.02408088,0.28508403,en,13.60000000,,-1,,,,,,
Sumatra,Sumatra,GPE,-0.04984424,0.15342679,en,10.70000000,,-1,,,,,,
China,China,GPE,0.08631123,0.63617111,en,9.50000000,4009937-4,1814991,X,35.00000000,105.00000000,ASIA,China,EAS
India,India,GPE,0.01247692,0.36227870,en,9.30000000,,-1,,,,,,
West Sumatra,West Sumatra,GPE,0.03685897,0.26387363,en,9.10000000,,-1,,,,,,
Java island,Java island,LOC,-0.18607306,0.28424658,en,7.30000000,,-1,,,,,,
Darjeeling,Darjeeling,GPE,-0.10292998,0.37347793,en,7.30000000,4011057-6,1273467,X,27.03332900,88.26667000,ASIA,India,TIB
Taman United,Taman United,GPE,0.16796875,0.27343750,en,6.40000000,,-1,,,,,,
Nepal,Nepal,GPE,0.12124776,0.91866359,en,6.20000000,4041612-4,1282988,X,28.00000000,84.00000000,ASIA,Nepal,TIB
Kathmandu,Kathmandu,GPE,0.18092105,0.57858187,en,5.70000000,4030036-5,1283240,X,27.70168900,85.32059900,ASIA,Nepal,TIB
HANOI,HANOI,GPE,-0.01129477,0.41942149,en,5.50000000,,-1,,,,,,
NEW DELHI,NEW DELHI,GPE,0.02961433,0.29139118,en,5.50000000,,-1,,,,,,
Jakarta,Jakarta,GPE,0.00484848,0.12181818,en,5.50000000,4012546-4,1642911,X,-6.21462000,106.84512900,ASIA,Indonesia,SEA
Jamaica,Jamaica,GPE,-0.34467120,2.07936508,en,4.90000000,4028456-6,3489940,X,18.25000000,-77.50000000,CENTRAL-AMERICA,Jamaica,CAR
Cameron Highlands,Cameron Highlands,GPE,0.17753623,0.40579710,en,4.60000000,,-1,,,,,,
Rift Valley,Rift Valley,LOC,-0.05344203,0.29836957,en,4.60000000,,-1,,,,,,
Nawalapitiya,Nawalapitiya,GPE,-0.11413043,0.36956522,en,4.60000000,,-1,,,,,,
Indonesias Sumatra,Indonesias Sumatra,GPE,-0.12851852,0.44648148,en,4.50000000,,-1,,,,,,
New Jersey,New Jersey,GPE,0.34821970,0.77406566,en,4.00000000,4042004-8,5101760,X,40.16705900,-74.49987000,NORTH-AMERICA,United States,ENA
Corfu,Corfu,LOC,-0.02202381,0.29449405,en,4.00000000,,-1,,,,,,
Miami,Miami,GPE,0.09459459,0.19819820,en,3.70000000,,-1,,,,,,
Seputeh,Seputeh,GPE,0.14189189,0.26351351,en,3.70000000,,-1,,,,,,
Aceh,Aceh,GPE,0.00000000,0.00000000,en,3.70000000,,-1,,,,,,
MANILA,MANILA,GPE,-0.17117117,0.50641026,en,3.70000000,,-1,,,,,,
U.S.,U.S.,GPE,-0.08783784,0.08783784,en,3.70000000,,-1,,,,,,
North Sumatra,North Sumatra,GPE,0.00000000,0.00000000,en,3.70000000,4118901-2,1213642,X,2.00000000,99.00000000,ASIA,Indonesia,SEA
California,California,GPE,0.10000000,0.63928571,en,3.50000000,,-1,,,,,,
Caribbean,Caribbean,LOC,-0.04642857,1.02142857,en,3.50000000,,-1,,,,,,
B.C.,B.C.,GPE,0.07959184,0.50204082,en,3.50000000,,-1,,,,,,
Mexico,Mexico,GPE,-0.70273693,5.84803922,en,3.40000000,,-1,,,,,,
Narayangadh,Narayangadh,LOC,0.02941176,0.54901961,en,3.40000000,4721763-7,1283001,X,27.68333000,84.41666900,ASIA,Nepal,TIB
Greece,Greece,GPE,-0.04090188,0.39155123,en,3.30000000,,-1,,,,,,
Britain,Britain,GPE,-0.09629630,0.11851852,en,3.00000000,,-1,,,,,,
Brazil,Brazil,GPE,0.28611111,0.42222222,en,3.00000000,4008003-1,3469034,X,-10.00000000,-55.00000000,SOUTH-AMERICA,Brazil,SAM
Tanzania,Tanzania,GPE,-0.12021073,1.67528736,en,2.90000000,4078149-5,149590,X,-6.00000000,35.00000000,AFRICA,Tanzania,SEAF
LONDON,LONDON,GPE,-0.22094508,0.24010217,en,2.90000000,,-1,,,,,,
Preveza,Preveza,GPE,0.01913265,0.09034864,en,2.80000000,4496630-1,254698,X,38.95000000,20.75000000,EUROPE-AFRICA,,MED
Sayward,Sayward,GPE,0.06547619,0.28968254,en,2.80000000,,-1,,,,,,
Jalan,Jalan,GPE,0.18214286,0.38928571,en,2.80000000,,-1,,,,,,
Lumut,Lumut,GPE,0.12500000,0.19642857,en,2.80000000,,-1,,,,,,
Arta,Arta,GPE,0.01913265,0.09034864,en,2.80000000,4221538-9,264559,X,39.16055900,20.98527900,EUROPE-AFRICA,Greece,MED
Ioannina,Ioannina,GPE,0.01913265,0.09034864,en,2.80000000,4197925-4,261779,X,39.66749900,20.85082900,EUROPE-AFRICA,Greece,MED
Felcra Seri Bandi,Felcra Seri Bandi,GPE,0.01041667,0.25744048,en,2.80000000,,-1,,,,,,
Tibet,Tibet,GPE,-0.02962662,0.28219697,en,2.80000000,,-1,,,,,,
Tura,Tura,GPE,-0.09920635,0.45238095,en,2.80000000,,-1,,,,,,
Rambukella,Rambukella,GPE,0.00000000,0.98214286,en,2.80000000,,-1,,,,,,
Banjarnegara District,Banjarnegara District,LOC,0.00952381,0.21547619,en,2.80000000,,-1,,,,,,
Cilacap District,Cilacap District,GPE,0.11904762,0.44642857,en,2.80000000,,-1,,,,,,
North Tapanuli,North Tapanuli,GPE,-0.07142857,0.17857143,en,2.80000000,,-1,,,,,,
Cuba,Cuba,GPE,-0.90277778,1.77469136,en,2.70000000,,-1,,,,,,
Chitwan,Chitwan,GPE,-0.02564103,0.25641026,en,2.60000000,,-1,,,,,,
Haiti,Haiti,GPE,-0.93333333,1.61000000,en,2.50000000,4022974-9,3723988,X,19.00000000,-72.41666900,CENTRAL-AMERICA,Haiti,CAR
UK,UK,GPE,-0.36000000,0.42000000,en,2.50000000,,-1,,,,,,
Bakaiya Rural,Bakaiya Rural,GPE,-0.03485714,0.25428571,en,2.50000000,,-1,,,,,,
Scotland,Scotland,GPE,-0.18181818,0.00000000,en,2.20000000,4053233-1,2638360,X,56.00000000,-4.00000000,EUROPE,United Kingdom,NEU
the Kaligandaki Corridor,the Kaligandaki Corridor,LOC,-0.02876984,1.51190476,en,2.10000000,,-1,,,,,,
NAIROBI,NAIROBI,GPE,0.07142857,0.34920635,en,2.10000000,,-1,,,,,,
Vancouver Island,Vancouver Island,GPE,0.06140351,0.27485380,en,1.90000000,,-1,,,,,,
ROME,ROME,GPE,-0.14035088,0.19298246,en,1.90000000,,-1,,,,,,
Padang Panjang,Padang Panjang,GPE,-0.02631579,0.16228070,en,1.90000000,,-1,,,,,,
Pomlum village,Pomlum village,GPE,0.15789474,0.40877193,en,1.90000000,,-1,,,,,,
JAKARTA,JAKARTA,GPE,0.10818713,0.32821637,en,1.90000000,,-1,,,,,,
Colombia,Colombia,GPE,-0.03508772,0.31871345,en,1.90000000,4031812-6,3686110,X,4.00000000,-72.00000000,SOUTH-AMERICA,Colombia,NWS
Earth,Earth,LOC,0.10167464,0.20733652,en,1.90000000,,-1,,,,,,
B.C,B.C,GPE,0.08771930,0.36257310,en,1.90000000,,-1,,,,,,
Chinas,Chinas,GPE,-0.00687799,0.23474880,en,1.90000000,,-1,,,,,,
Sichuan province,Sichuan province,GPE,-0.04037081,0.35994817,en,1.90000000,,-1,,,,,,
Italy,Italy,GPE,-0.10526316,0.02631579,en,1.90000000,,-1,,,,,,
Tanah Rata,Tanah Rata,GPE,0.10526316,0.38157895,en,1.90000000,,-1,,,,,,
Koolan Island,Koolan Island,GPE,-0.02631579,0.23684211,en,1.90000000,,-1,,,,,,
Asia,Asia,LOC,0.11991627,0.36572967,en,1.90000000,,-1,,,,,,
Balee Panah Village,Balee Panah Village,GPE,0.00000000,0.00000000,en,1.90000000,,-1,,,,,,
Cincinnati,Cincinnati,GPE,0.00000000,0.00000000,en,1.90000000,,-1,,,,,,
Bireuen District,Bireuen District,GPE,0.00000000,0.00000000,en,1.90000000,,-1,,,,,,
Dublin,Dublin,GPE,0.00000000,0.02631579,en,1.90000000,4013170-1,2964574,X,53.33306000,-6.24889000,EUROPE,Ireland,NEU
Ladakh,Ladakh,GPE,0.09868421,0.24780702,en,1.90000000,,-1,,,,,,
Baglung Municipality-10,Baglung Municipality-10,GPE,-0.04934211,0.72368421,en,1.90000000,,-1,,,,,,
Java,Java,LOC,-0.13157895,0.21710526,en,1.90000000,,-1,,,,,,
Banjarnegara,Banjarnegara,GPE,0.01403509,0.05438596,en,1.90000000,,-1,,,,,,
Kashmir,Kashmir,LOC,0.00000000,0.00000000,en,1.90000000,,-1,,,,,,
the Klang Valley,the Klang Valley,LOC,0.18421053,0.28947368,en,1.90000000,,-1,,,,,,
Pandanarum Village,Pandanarum Village,GPE,0.00000000,0.26315789,en,1.90000000,,-1,,,,,,
Taman Bukit Maju,Taman Bukit Maju,GPE,0.18421053,0.28947368,en,1.90000000,,-1,,,,,,
Malaysia,Malaysia,GPE,-0.28654971,0.49415205,en,1.90000000,4037203-0,1733045,X,2.50000000,112.50000000,ASIA,Malaysia,SEA
MEDAN,MEDAN,GPE,0.00000000,0.61403509,en,1.90000000,,-1,,,,,,
Gangekumbura,Gangekumbura,GPE,0.00000000,0.00000000,en,1.90000000,,-1,,,,,,
Padang Besar,Padang Besar,GPE,0.10745614,0.31798246,en,1.90000000,,-1,,,,,,
Cibeunying Village,Cibeunying Village,GPE,0.00000000,0.26315789,en,1.90000000,,-1,,,,,,
Kelantan,Kelantan,GPE,0.00000000,0.00000000,en,1.90000000,4097779-1,1733044,X,5.33333000,102.00000000,ASIA,Malaysia,SEA
Jammu,Jammu,GPE,0.00000000,0.00000000,en,1.90000000,4387357-1,1269321,X,32.73568900,74.86911000,ASIA,India,WCA
the Karnali Corridor,the Karnali Corridor,LOC,-0.55994152,0.69736842,en,1.90000000,,-1,,,,,,
Kalikot,Kalikot,GPE,-0.55994152,0.69736842,en,1.90000000,,-1,,,,,,
Dablyang,Dablyang,GPE,-0.04934211,0.72368421,en,1.90000000,,-1,,,,,,
Meghalaya,Meghalaya,GPE,-0.14619883,0.61403509,en,1.90000000,4281475-3,1263207,X,25.50000000,91.33333000,ASIA,India,SAS
South-East Asia,South-East Asia,LOC,-0.02255639,0.21804511,en,1.90000000,,-1,,,,,,
Danakgre,Danakgre,GPE,0.00000000,0.05263158,en,1.90000000,,-1,,,,,,
earth,earth,LOC,-0.10526316,0.02631579,en,1.90000000,,-1,,,,,,
Sumatra island,Sumatra island,LOC,-0.06666667,0.71111111,en,1.80000000,,-1,,,,,,
N.J.,N.J.,GPE,0.06944444,0.23148148,en,1.80000000,,-1,,,,,,
MORRISTOWN,MORRISTOWN,GPE,0.06944444,0.23148148,en,1.80000000,,-1,,,,,,
Brighton Township,Brighton Township,GPE,-0.08333333,0.10185185,en,1.80000000,,-1,,,,,,
Jalbire,Jalbire,GPE,0.01851852,0.55555556,en,1.80000000,,-1,,,,,,
Uganda,Uganda,GPE,0.09259259,0.10493827,en,1.80000000,4061457-8,226074,X,2.00000000,33.00000000,AFRICA,Uganda,SEAF
Ichchakamana Rural Municipality-3,Ichchakamana Rural Municipality-3,GPE,-0.02469136,0.24691358,en,1.80000000,,-1,,,,,,
Chumkhola,Chumkhola,GPE,-0.02469136,0.24691358,en,1.80000000,,-1,,,,,,
Typhoon Bualoi,Typhoon Bualoi,GPE,-0.16296296,0.42870370,en,1.80000000,,-1,,,,,,
West Java,West Java,GPE,0.00000000,0.00000000,en,1.80000000,,-1,,,,,,
Muglin,Muglin,GPE,0.01851852,0.55555556,en,1.80000000,,-1,,,,,,
Sukabumi District,Sukabumi District,GPE,0.00000000,0.00000000,en,1.80000000,,-1,,,,,,
Hetauda,Hetauda,GPE,-0.03472222,0.10416667,en,1.80000000,,-1,,,,,,
Andhra Pradesh,Andhra Pradesh,GPE,-0.14705882,0.51960784,en,1.70000000,4001934-2,1278629,X,16.00000000,79.00000000,ASIA,India,SAS
POZA RICA,POZA RICA,GPE,0.39409722,2.05208333,en,1.60000000,,-1,,,,,,
US,US,GPE,0.41125541,0.90476190,en,1.40000000,,-1,,,,,,
Arizona,Arizona,GPE,0.10884354,0.73129252,en,1.40000000,4002920-7,5551752,X,34.50030000,-111.50097900,NORTH-AMERICA,United States,WNA
Argentina,Argentina,GPE,1.35714286,1.72619048,en,1.40000000,,-1,,,,,,
Blacktopping,Blacktopping,GPE,0.00000000,2.30769231,en,1.30000000,,-1,,,,,,
Atlantic,Atlantic,LOC,0.38461538,0.76923077,en,1.30000000,,-1,,,,,,
Taiwan,Taiwan,GPE,-0.73504274,0.99145299,en,1.30000000,4017875-4,1668284,X,24.00000000,121.00000000,ASIA,Taiwan,EAS
Ireland,Ireland,GPE,0.73525641,1.89230769,en,1.30000000,4027667-3,2963597,X,53.00000000,-8.00000000,EUROPE,Ireland,NEU
Germany,Germany,GPE,0.31250000,0.56250000,en,1.20000000,,-1,,,,,,
Türkiye,Türkiye,GPE,0.00000000,0.41666667,en,1.20000000,4061163-2,298795,X,39.05901000,34.91154900,EUROPE-AFRICA,Turkey,MED
Trans Mountain,Trans Mountain,LOC,-0.02083333,0.33333333,en,1.20000000,,-1,,,,,,
Brooklyn,Brooklyn,GPE,0.11363636,0.37878788,en,1.20000000,,-1,,,,,,
Maharashtra,Maharashtra,GPE,0.02083333,0.41666667,en,1.20000000,4037057-4,1264418,X,19.50000000,75.00000000,ASIA,India,SAS
Gaza,Gaza,GPE,0.15972222,1.54166667,en,1.20000000,,-1,,,,,,
Israel,Israel,GPE,0.31250000,1.40277778,en,1.20000000,4027808-6,294640,X,31.50000000,34.75000000,EUROPE-AFRICA,Israel,MED
Studio City,Studio City,GPE,0.06060606,0.12121212,en,1.10000000,,-1,,,,,,
Texas,Texas,GPE,0.19834711,0.66115702,en,1.10000000,4059594-8,4736286,X,31.25044000,-99.25060900,NORTH-AMERICA,United States,CNA
Poza Rica,Poza Rica,GPE,0.00000000,0.00000000,en,1.10000000,,-1,,,,,,
HONG KONG,HONG KONG,GPE,0.18205431,0.90295159,en,1.10000000,,-1,,,,,,
Japan,Japan,GPE,0.60909091,1.02727273,en,1.10000000,4028495-5,1861060,X,35.68536000,139.75308900,ASIA,Japan,EAS
Virginia,Virginia,GPE,0.25324675,0.46536797,en,1.10000000,4063592-2,6254928,X,37.54811900,-77.44674900,NORTH-AMERICA,United States,ENA
Washington D.C.,Washington D.C.,GPE,-0.02272727,0.14772727,en,1.10000000,,-1,,,,,,
Lasti,Lasti,GPE,0.00000000,0.90909091,en,1.10000000,,-1,,,,,,
Turkish Cyprus,Turkish Cyprus,GPE,0.00000000,0.45454545,en,1.10000000,,-1,,,,,,
the Kali Gandaki Corridor,the Kali Gandaki Corridor,LOC,0.00000000,1.81818182,en,1.10000000,,-1,,,,,,
Beni,Beni,GPE,-0.05681818,0.07954545,en,1.10000000,,-1,,,,,,
Afghanistan,Afghanistan,GPE,0.36363636,1.20454545,en,1.10000000,4000687-6,1149361,X,33.00000000,66.00000000,ASIA,Afghanistan,WCA
British Columbia,British Columbia,GPE,-0.02272727,0.36363636,en,1.10000000,4069670-4,5909050,X,53.99983000,-125.00320000,NORTH-AMERICA,Canada,NWN
Maryland,Maryland,GPE,0.00000000,0.00000000,en,1.10000000,4037776-3,4361885,X,39.90000000,-76.74997000,NORTH-AMERICA,United States,ENA
Ivory Coast,Ivory Coast,GPE,-0.02272727,1.16161616,en,1.10000000,4014426-4,2287781,X,8.00000000,-5.00000000,AFRICA,Ivory Coast,WAF
Khabarhub,Khabarhub,GPE,0.42613636,0.75757576,en,1.10000000,,-1,,,,,,
New York's,New York's,GPE,0.12396694,0.41322314,en,1.10000000,,-1,,,,,,
Montana,Montana,GPE,0.31818182,0.53787879,en,1.10000000,4040138-8,5667009,X,47.50000000,-109.75101900,NORTH-AMERICA,United States,WNA
Washington,Washington,GPE,-0.11363636,0.15909091,en,1.10000000,4118995-4,5815135,X,47.50012000,-120.50146900,NORTH-AMERICA,United States,WNA
KUALA LUMPUR:,KUALA LUMPUR:,GPE,0.00000000,0.10000000,en,1.00000000,,-1,,,,,,
Kukas,Kukas,GPE,-0.25000000,0.40000000,en,1.00000000,,-1,,,,,,
Balik Pulau,Balik Pulau,GPE,-0.10000000,0.10000000,en,1.00000000,,-1,,,,,,
the Garden State,the Garden State,LOC,0.15166667,0.62666667,en,1.00000000,,-1,,,,,,
Enga Pr,Enga Pr,GPE,-0.25000000,0.40000000,en,1.00000000,,-1,,,,,,
Shillong-Dawki,Shillong-Dawki,GPE,0.00000000,0.00000000,en,1.00000000,,-1,,,,,,
instabili,instabili,GPE,0.17857143,0.35714286,en,1.00000000,,-1,,,,,,
Valtonera,Valtonera,GPE,-0.12500000,0.75000000,en,1.00000000,,-1,,,,,,
Jersey,Jersey,GPE,0.15166667,0.62666667,en,1.00000000,4028585-6,3042142,X,49.21667000,-2.11667000,EUROPE,Jersey,WCE
Trenton,Trenton,GPE,0.00000000,0.00000000,en,1.00000000,,-1,,,,,,
Amyntaio,Amyntaio,GPE,-0.02500000,0.88333333,en,1.00000000,,-1,,,,,,
the Ionian Islands,the Ionian Islands,GPE,0.05357143,0.25297619,en,1.00000000,,-1,,,,,,
B.C.s southern Interior,B.C.s southern Interior,GPE,0.17857143,0.35714286,en,1.00000000,,-1,,,,,,
Papua New Guinea's,Papua New Guinea's,GPE,-0.06363636,0.45454545,en,1.00000000,,-1,,,,,,
Penticton,Penticton,GPE,0.18148148,0.52962963,en,1.00000000,,-1,,,,,,
boulder,boulder,GPE,0.18148148,0.52962963,en,1.00000000,,-1,,,,,,
Santa Cruz,Santa Cruz,GPE,-0.08333333,0.28333333,en,1.00000000,,-1,,,,,,
Klang,Klang,GPE,0.16000000,0.54000000,en,1.00000000,,-1,,,,,,
Cwmt,Cwmt,GPE,-0.32500000,0.42500000,en,1.00000000,,-1,,,,,,
CUBA,CUBA,GPE,-0.16666667,0.26666667,en,1.00000000,,-1,,,,,,
Bahamas,Bahamas,GPE,0.10000000,0.16666667,en,1.00000000,4069081-7,3572887,X,25.04082000,-77.37121900,NORTH-AMERICA,Bahamas,ENA
Florina,Florina,GPE,-0.02500000,0.88333333,en,1.00000000,4385909-4,736229,X,40.78197000,21.40981000,EUROPE-AFRICA,Greece,MED
Western Greece,Western Greece,LOC,0.05357143,0.25297619,en,1.00000000,,-1,,,,,,
Melissa,Melissa,GPE,0.10000000,0.16666667,en,1.00000000,,-1,,,,,,
worl,worl,LOC,0.45000000,0.55000000,en,1.00000000,,-1,,,,,,
Andhra,Andhra,GPE,0.00000000,0.00000000,en,1.00000000,4001934-2,1278629,X,16.00000000,79.00000000,ASIA,India,SAS
Lake Chehalis,Lake Chehalis,GPE,0.03333333,0.55000000,en,1.00000000,,-1,,,,,,
Puerto Rico,Puerto Rico,GPE,0.13333333,0.55000000,en,1.00000000,4076429-1,4566966,X,18.24829000,-66.49988900,CENTRAL-AMERICA,Puerto Rico,CAR
Attica,Attica,GPE,0.00669048,0.36711905,en,1.00000000,,-1,,,,,,
SAN JUAN,SAN JUAN,GPE,0.13333333,0.55000000,en,1.00000000,,-1,,,,,,
Gombak,Gombak,GPE,-0.10000000,0.30000000,en,1.00000000,,-1,,,,,,
Sri Lanka's,Sri Lanka's,GPE,0.33333333,0.63333333,en,1.00000000,,-1,,,,,,
Kandy,Kandy,GPE,0.13125000,0.25416667,en,1.00000000,4109992-8,1241622,X,7.29549900,80.63559900,INDIAN,Sri Lanka,BOB
Southeast,Southeast,LOC,-0.07500000,0.05000000,en,1.00000000,,-1,,,,,,
KUALA LUMPUR,KUALA LUMPUR,GPE,-0.10000000,0.07500000,en,1.00000000,,-1,,,,,,
South Asia,South Asia,LOC,-0.07500000,0.05000000,en,1.00000000,,-1,,,,,,
the Lao Cairns Province,the Lao Cairns Province,GPE,0.00000000,0.50000000,en,1.00000000,,-1,,,,,,
Penang,Penang,GPE,-0.54444444,0.93888889,en,1.00000000,,-1,,,,,,
Nepals,Nepals,GPE,0.00000000,0.00000000,en,1.00000000,,-1,,,,,,
Banda Aceh,Banda Aceh,GPE,0.00000000,0.00000000,en,1.00000000,,-1,,,,,,
Western Australia's,Western Australia's,LOC,0.03750000,0.36250000,en,1.00000000,,-1,,,,,,
London,London,GPE,0.00000000,0.00000000,en,1.00000000,4074335-4,2643743,X,51.50853000,-0.12574000,EUROPE,United Kingdom,NEU
west Sumatra,west Sumatra,GPE,-0.20000000,0.05000000,en,1.00000000,,-1,,,,,,
Mexicos,Mexicos,GPE,0.20000000,0.63000000,en,1.00000000,,-1,,,,,,
MEXICO CITY,MEXICO CITY,GPE,0.45250000,1.73000000,en,1.00000000,,-1,,,,,,
Padang,Padang,GPE,0.21666667,0.36666667,en,1.00000000,4694891-0,1633419,X,-0.94924000,100.35426900,ASIA,Indonesia,SEA
municip,municip,GPE,0.00000000,0.00000000,en,1.00000000,,-1,,,,,,
Ballarat,Ballarat,GPE,0.00000000,0.00000000,en,1.00000000,,-1,,,,,,
Zambia,Zambia,GPE,-0.70000000,0.20000000,en,1.00000000,4076986-0,895949,X,-15.00000000,30.00000000,AFRICA,Zambia,ESAF
Indonesias North Sumatra,Indonesias North Sumatra,GPE,-0.25000000,0.20000000,en,1.00000000,,-1,,,,,,
Negri,Negri,GPE,-0.05000000,0.20000000,en,1.00000000,,-1,,,,,,
BUENOS AIRES,BUENOS AIRES,GPE,0.00000000,0.00000000,en,1.00000000,,-1,,,,,,
the Rambukella area,the Rambukella area,LOC,0.00000000,1.00000000,en,1.00000000,,-1,,,,,,
le…,le…,GPE,-0.11590909,0.25113636,en,1.00000000,,-1,,,,,,
Badulla,Badulla,GPE,0.00000000,0.25000000,en,1.00000000,,-1,,,,,,
Australia,Australia,GPE,0.00000000,0.15000000,en,1.00000000,,-1,,,,,,
Puncak Arabella Apartments,Puncak Arabella Apartments,GPE,0.00000000,0.00000000,en,1.00000000,,-1,,,,,,
East Asia,East Asia,LOC,0.00000000,0.00000000,en,1.00000000,,-1,,,,,,
the Republic of Ireland,the Republic of Ireland,GPE,0.41666667,0.50000000,en,1.00000000,,-1,,,,,,
Latin America,Latin America,LOC,-0.11250000,0.11250000,en,1.00000000,,-1,,,,,,
New York Yanke,New York Yanke,GPE,0.25151515,0.39393939,en,1.00000000,,-1,,,,,,
Cyprus,Cyprus,GPE,0.00000000,0.00000000,en,1.00000000,,-1,,,,,,
Pa.,Pa.,GPE,-0.05000000,0.08333333,en,1.00000000,,-1,,,,,,
Belem,Belem,GPE,0.00000000,0.00000000,en,1.00000000,,-1,,,,,,
Himalayas,Himalayas,GPE,0.00000000,0.00000000,en,1.00000000,,-1,,,,,,
Los Angeles,Los Angeles,GPE,0.10000000,0.22222222,en,1.00000000,,-1,,,,,,
Aberdeenshire,Aberdeenshire,GPE,0.00000000,0.00000000,en,1.00000000,,-1,,,,,,
the north east,the north east,LOC,-0.20000000,0.00000000,en,1.00000000,,-1,,,,,,
Edinburgh,Edinburgh,GPE,0.21250000,0.33750000,en,1.00000000,4013557-3,2650225,X,55.95206000,-3.19648000,EUROPE,United Kingdom,NEU
Phaparkhet,Phaparkhet,GPE,-0.06250000,0.08750000,en,1.00000000,,-1,,,,,,
Benibazaar,Benibazaar,GPE,-0.12500000,0.17500000,en,1.00000000,,-1,,,,,,
Morristown,Morristown,GPE,0.31250000,0.62500000,en,1.00000000,,-1,,,,,,
Myagdi,Myagdi,GPE,-0.12500000,0.17500000,en,1.00000000,,-1,,,,,,
Netherlands,Netherlands,GPE,0.00000000,0.10000000,en,1.00000000,4042203-3,2750405,X,52.50000000,5.75000000,EUROPE,The Netherlands,NEU
Alrewas,Alrewas,GPE,0.00000000,0.00000000,en,1.00000000,,-1,,,,,,
Staffordshire,Staffordshire,GPE,0.00000000,0.00000000,en,1.00000000,4118781-7,2637141,X,52.83333300,-2.00000000,EUROPE,United Kingdom,NEU
Bitcoin,Bitcoin,GPE,0.07500000,0.13750000,en,1.00000000,,-1,,,,,,
Darbang,Darbang,GPE,-0.18750000,0.46250000,en,1.00000000,,-1,,,,,,
New York City,New York City,GPE,0.27878788,0.54595960,en,1.00000000,4042011-5,5128581,X,40.71416600,-74.00597000,NORTH-AMERICA,United States,ENA
Brighton Township BRIGHTON TOWNSHIP,Brighton Township BRIGHTON TOWNSHIP,GPE,-0.05000000,0.08333333,en,1.00000000,,-1,,,,,,
Tuin Khola bridge,Tuin Khola bridge,LOC,0.10000000,0.35000000,en,1.00000000,,-1,,,,,,
Black River Market,Black River Market,LOC,-0.12500000,0.28333333,en,1.00000000,,-1,,,,,,
Kagbeni-Korala road,Kagbeni-Korala road,LOC,0.00000000,0.00000000,en,1.00000000,,-1,,,,,,
Marakwet East,Marakwet East,LOC,-0.20000000,0.50000000,en,1.00000000,,-1,,,,,,
the Wild West,the Wild West,LOC,0.10000000,0.40000000,en,1.00000000,,-1,,,,,,
Venezuela,Venezuela,GPE,0.13333333,0.23333333,en,1.00000000,4062512-6,3625428,X,8.00000000,-66.00000000,SOUTH-AMERICA,Venezuela,NSA
Co Wicklow,Co Wicklow,GPE,0.00000000,0.10000000,en,1.00000000,,-1,,,,,,
Tanzanias,Tanzanias,GPE,0.00000000,0.00000000,en,1.00000000,,-1,,,,,,
Oliver,Oliver,GPE,0.10000000,0.40000000,en,1.00000000,,-1,,,,,,
Cebu,Cebu,LOC,0.00000000,0.00000000,en,1.00000000,,-1,,,,,,
Charlotte,Charlotte,GPE,1.10000000,1.15000000,en,1.00000000,,-1,,,,,,
Ouattara,Ouattara,GPE,0.10000000,0.10000000,en,1.00000000,,-1,,,,,,
Ivory Coast's,Ivory Coast's,GPE,0.10000000,0.10000000,en,1.00000000,,-1,,,,,,
San Francisco,San Francisco,GPE,0.30000000,0.50000000,en,1.00000000,,-1,,,,,,
New York,New York,GPE,0.13636364,0.45454545,en,1.00000000,,-1,,,,,,
accordi,accordi,GPE,0.10000000,0.40000000,en,1.00000000,,-1,,,,,,
Black River,Black River,LOC,-0.12500000,0.28333333,en,1.00000000,,-1,,,,,,
New Hampshire,New Hampshire,GPE,0.21818182,0.72727273,en,1.00000000,4042002-4,5090174,X,43.66702000,-71.49979900,NORTH-AMERICA,United States,ENA
Colorado,Colorado,GPE,0.21818182,0.72727273,en,1.00000000,,-1,,,,,,
"the East Coast
","the East Coast
",LOC,0.00000000,0.00000000,en,1.00000000,,-1,,,,,,
CSDS,CSDS,GPE,0.00000000,0.00000000,en,1.00000000,,-1,,,,,,
Cilacap,Cilacap,GPE,-0.15555556,0.12777778,en,1.00000000,,-1,,,,,,
Cila,Cila,GPE,0.00000000,0.00000000,en,1.00000000,,-1,,,,,,
Crawley,Crawley,GPE,0.50000000,0.50000000,en,1.00000000,4493775-1,2652053,X,51.11303000,-0.18312000,EUROPE,United Kingdom,NEU
Moscow,Moscow,GPE,0.50000000,0.50000000,en,1.00000000,4074987-3,524901,X,55.75222200,37.61555500,EUROPE,Russia,WCE
Modi,Modi,GPE,0.00000000,0.00000000,en,1.00000000,,-1,,,,,,
BJP,BJP,GPE,0.06818182,0.22727273,en,1.00000000,,-1,,,,,,
North Bengal,North Bengal,LOC,-0.12000000,1.17000000,en,1.00000000,,-1,,,,,,
Cibeunying village,Cibeunying village,GPE,-0.10000000,0.37500000,en,1.00000000,,-1,,,,,,
Garut,Garut,GPE,0.00000000,0.00000000,en,1.00000000,,-1,,,,,,
Sangurigadhi,Sangurigadhi,GPE,-0.06250000,0.45416667,en,1.00000000,,-1,,,,,,
N.Y.,N.Y.,GPE,0.00000000,0.00000000,en,1.00000000,,-1,,,,,,
Roshi Rural Municipality,Roshi Rural Municipality,GPE,-0.08125000,0.21875000,en,1.00000000,,-1,,,,,,
Kavrepalanchok,Kavrepalanchok,GPE,-0.24375000,0.65625000,en,1.00000000,,-1,,,,,,
New northwest,New northwest,GPE,0.13636364,0.45454545,en,1.00000000,,-1,,,,,,
Vlasic,Vlasic,LOC,0.60000000,0.80000000,en,1.00000000,,-1,,,,,,
Europe,Europe,LOC,0.00000000,0.10000000,en,1.00000000,,-1,,,,,,
Seismic Zone,Seismic Zone,GPE,0.00000000,0.00000000,en,1.00000000,,-1,,,,,,
Southern China,Southern China,LOC,0.00000000,0.00000000,en,1.00000000,,-1,,,,,,
WASHINGTON,WASHINGTON,GPE,0.25238095,0.52380952,en,1.00000000,,-1,,,,,,
Typhoon Fung-wong,Typhoon Fung-wong,GPE,-0.80000000,1.00000000,en,1.00000000,,-1,,,,,,
the Blue Mountains,the Blue Mountains,LOC,-0.07714286,0.38571429,en,1.00000000,,-1,,,,,,
New York City’s,New York City’s,GPE,0.46818182,0.72727273,en,1.00000000,,-1,,,,,,
New York Citys,New York Citys,GPE,0.13636364,0.45454545,en,1.00000000,,-1,,,,,,
Pisa,Pisa,GPE,0.00000000,0.00000000,en,1.00000000,4046151-8,3170647,X,43.71553000,10.39658900,EUROPE-AFRICA,Italy,MED
America,America,GPE,0.00000000,0.00000000,en,1.00000000,,-1,,,,,,
Storm Babet,Storm Babet,LOC,0.00000000,0.00000000,en,1.00000000,,-1,,,,,,
BOGOTA,BOGOTA,GPE,0.03333333,0.15555556,en,1.00000000,,-1,,,,,,
NJ,NJ,GPE,0.00000000,0.00000000,en,1.00000000,,-1,,,,,,
New Jersey's,New Jersey's,GPE,0.17424242,0.41414141,en,1.00000000,,-1,,,,,,
MaldhungaBeniMustang,MaldhungaBeniMustang,GPE,0.00000000,1.00000000,en,1.00000000,,-1,,,,,,
Central Vietnam,Central Vietnam,LOC,0.00000000,0.25000000,en,1.00000000,,-1,,,,,,
Victoria,Victoria,GPE,0.40000000,0.80000000,en,1.00000000,,-1,,,,,,
England,England,GPE,0.50000000,0.50000000,en,1.00000000,4014770-8,6269131,X,52.16044900,-0.70312000,EUROPE,United Kingdom,NEU
U.K.,U.K.,GPE,0.07500000,0.13750000,en,1.00000000,,-1,,,,,,
